<?xml version="1.0" encoding="UTF-8"?>
<!DOCTYPE mapper
        PUBLIC "-//mybatis.org//DTD Mapper 3.0//EN"
        "http://mybatis.org/dtd/mybatis-3-mapper.dtd">
<mapper namespace="com.yckj.jobtrack.dao.BanjiMapper">
    <!--插入-->
    <insert id="insert">
        INSERT  INTO t_class(id,cno,sdate,edate,cnum,cpeo,ctel,fpeo,ftel,beizhu)
        VALUES (NULL,#{cno},#{sdate},#{edate},#{cnum},#{cpeo},#{ctel},#{fpeo},#{ftel},#{beizhu})
    </insert>
    <!--删除-->
    <delete id="deleteById">
        DELETE FROM t_class WHERE id=#{0}
    </delete>
    <!--修改-->
    <update id="update">
        UPDATE t_class SET cno=#{cno},sdate=#{sdate},edate=#{edate},cnum=#{cnum},
        cpeo=#{cpeo},ctel=#{ctel},fpeo=#{freo},ftel=#{ftel},beizhu=#{beizhu}  WHERE id=#{id}
    </update>
    <!--查询-->
    <select id="selectAll4" resultType="Banji" >
        SELECT * FROM t_class
    </select>
    <select id="selectById" resultType="Banji"  >
          SELECT * FROM t_class WHERE id =#{0}
    </select>
</mapper>