<?xml version="1.0" encoding="UTF-8"?>
<!DOCTYPE mapper
        PUBLIC "-//mybatis.org//DTD Mapper 3.0//EN"
        "http://mybatis.org/dtd/mybatis-3-mapper.dtd">
<mapper namespace="com.yckj.jobtrack.dao.CompanyMapper">
    <!--插入-->
    <insert id="insert">
        INSERT  INTO t_company(cname,city,address,trade,leader,telephone,job,joinDate,status)
        VALUES (#{cname},#{city},#{address},#{trade},#{leader},#{telephone},#{job},#{joinDate},#{status})
    </insert>
    <!--删除-->
    <delete id="deleteById">
        DELETE FROM t_company WHERE id=#{0}
    </delete>
    <!--修改-->
    <update id="update">
        UPDATE t_company SET cname=#{cname},city=#{city},address=#{address},trade=#{trade},
        leader=#{leader},telephone=#{telephone},job=#{job},joinDate=#{joinDate},status=#{status}  WHERE id=#{id}
    </update>
    <!--查询-->
    <select id="selectAll" resultType="Company" >
        SELECT * FROM t_company
    </select>
    <select id="selectById" resultType="Company"  >
          SELECT * FROM t_company WHERE id =#{0}
    </select>
</mapper>