<?xml version="1.0" encoding="UTF-8"?>
<!DOCTYPE mapper
        PUBLIC "-//mybatis.org//DTD Mapper 3.0//EN"
        "http://mybatis.org/dtd/mybatis-3-mapper.dtd">
<mapper namespace="com.yckj.jobtrack.dao.StudentMapper">
    <!--插入-->
    <insert id="insert">
        INSERT  INTO t_student(id,ban,sno,sname,sex,date1,province,city,county,qno,wno,telno,beizhu)
        VALUES (NULL,#{ban},#{sno},#{sname},#{sex},#{date1},#{province},#{city},#{county},#{qno},#{wno},#{telno},#{beizhu})
    </insert>
    <!--删除-->
    <delete id="deleteById">
        DELETE FROM t_student WHERE id=#{0}
    </delete>
    <!--修改-->
    <update id="update">
        UPDATE t_student SET ban=#{ban},sno=#{sno},sname=#{sname},sex=#{sex},
        date1=#{date1},province=#{province},city=#{city},county=#{county},qno=#{qno},wno=#{wno},telno=#{telno},beizhu=#{beizhu}  WHERE id=#{id}
    </update>
    <!--查询-->
    <select id="selectAll5" resultType="Student" >
        SELECT * FROM t_student
    </select>
    <select id="selectById" resultType="Student"  >
          SELECT * FROM t_student WHERE id =#{0}
    </select>
</mapper>