{
  "code": 0,
  "msg": "",
  "count": 1000,
  "data": [
    {
      "id": 1,
      "majorname": "网络工程",
      "classno": "01",
      "jie": "2017",
      "time": "2017-09",
      "num": "50",
      "teacher": "zhangsan",
      "fudao": "wangwu"



    },
    {
      "id": 2,
      "majorname": "软件工程",
      "classno": "02",
      "jie": "2017",
      "time": "2017-09",
      "num": "50",
      "teacher": "zhangsan",
      "fudao": "wangwu"

    },
    {
      "id": 3,
      "majorname": "数字媒体",
      "classno": "03",
      "jie": "2017",
      "time": "2017-09",
      "num": "50",
      "teacher": "zhangsan",
      "fudao": "wangwu"


    },
    {
      "id": 4,
      "majorname": "计算机与科学",
      "classno": "04",
      "jie": "2017",
      "time": "2017-09",
      "num": "50",
      "teacher": "zhangsan",
      "fudao": "wangwu"


    }, {
      "id": 5,
      "majorname": "物联网",
      "classno": "05",
      "jie": "2017",
      "time": "2017-09",
      "num": "50",
      "teacher": "zhangsan",
      "fudao": "wangwu"


    },
    {
      "id": 6,
      "majorname": "人工智能",
      "classno": "01",
      "jie": "2017",
      "time": "2017-09",
      "num": "50",
      "teacher": "zhangsan",
      "fudao": "wangwu"


    }
  ]
}