{
  "code": 0,
  "msg": "",
  "count": 1000,
  "data": [
    {
      "id": 1,
      "ename": "华为",
      "city": "北京",
      "suo": "计算机",
      "people": "王意义",

      "tel": "1558585882",
      "zhuangtai": "合作中",
      "job": "Java开发"
    },
    {
      "id": 2,
      "ename": "小米",
      "city": "北京",
      "suo": "计算机",
      "people": "刘雪松",

      "tel": "1558585882",
      "zhuangtai": "合作中",
      "job": "前端"

    },
    {
      "id": 3,
      "ename": "美团",
      "city": "北京",
      "suo": "服务",
      "people": "张密里",

      "tel": "1579585882",
      "zhuangtai": "合作中",
      "job": "技术顾问"


    },
    {
      "id": 4,
      "ename": "饿了么",
      "city": "上海",
      "suo": "服务",
      "people": "索马里",

      "tel": "1558585882",
      "zhuangtai": "合作中",
      "job": "餐饮合作"


    }, {
      "id": 5,
      "ename": "滴滴出行",
      "city": "杭州",
      "suo": "服务",
      "people": "沃里克",

      "tel": "1558905882",
      "zhuangtai": "合作中",
      "job": "出行合作"


    },
    {
      "id": 6,
      "ename": "苏泊尔",
      "city": "天津",
      "suo": "家电",
      "people": "斯米兰",

      "tel": "155675882",
      "zhuangtai": "合作中",
      "job": "家电营销"


    }
  ]
}