{
  "code": 0,
  "msg": "",
  "count": 10,
  "data": [
    {
      "id": 1,
      "pname": "英才科技",
      "pcity": "太原",
      "pIndustry": "计算机行业",
      "phead": "张三",
      "tel": "1254562325",
      "state": "合作中",
      "post": "JAVA开发工程师"

    },{
      "id": 2,
      "pname": "英才科技",
      "pcity": "太原",
      "pIndustry": "计算机行业",
      "phead": "张三",
      "tel": "1254562325",
      "state": "合作中",
      "post": "JAVA开发工程师"

    },{
      "id": 3,
      "pname": "英才科技",
      "pcity": "太原",
      "pIndustry": "计算机行业",
      "phead": "张三",
      "tel": "1254562325",
      "state": "合作中",
      "post": "JAVA开发工程师"

    },{
      "id": 4,
      "pname": "英才科技",
      "pcity": "太原",
      "pIndustry": "计算机行业",
      "phead": "张三",
      "tel": "1254562325",
      "state": "合作中",
      "post": "JAVA开发工程师"

    },{
      "id": 5,
      "pname": "英才科技",
      "pcity": "太原",
      "pIndustry": "计算机行业",
      "phead": "张三",
      "tel": "1254562325",
      "state": "合作中",
      "post": "JAVA开发工程师"

    },{
      "id": 6,
      "pname": "英才科技",
      "pcity": "太原",
      "pIndustry": "计算机行业",
      "phead": "张三",
      "tel": "1254562325",
      "state": "合作中",
      "post": "JAVA开发工程师"

    },{
      "id": 7,
      "pname": "英才科技",
      "pcity": "太原",
      "pIndustry": "计算机行业",
      "phead": "张三",
      "tel": "1254562325",
      "state": "合作中",
      "post": "JAVA开发工程师"

    },{
      "id": 8,
      "pname": "英才科技",
      "pcity": "太原",
      "pIndustry": "计算机行业",
      "phead": "张三",
      "tel": "1254562325",
      "state": "合作中",
      "post": "JAVA开发工程师"

    },{
      "id": 9,
      "pname": "英才科技",
      "pcity": "太原",
      "pIndustry": "计算机行业",
      "phead": "张三",
      "tel": "1254562325",
      "state": "合作中",
      "post": "JAVA开发工程师"

    },{
      "id": 10,
      "pname": "英才科技",
      "pcity": "太原",
      "pIndustry": "计算机行业",
      "phead": "张三",
      "tel": "1254562325",
      "state": "合作中",
      "post": "JAVA开发工程师"

    }
  ]
}
