{
  "homeInfo": {
    "title": "首页",
    "href": "page/welcome-1.html?t=1",
    "icon": "fa fa-bank"
  },
  "logoInfo": {
    "title": "就业跟踪",
    "image": "images/logo.png",
    "href": ""
  },
  "menuInfo": [
    {
      "title": "首页",
      "href": "page/welcome-1.html?t=1",
      "target": "_self",
      "icon": "fa fa-bank"
    },
    {
      "title": "院系管理",
      "icon": "fa fa-institution",
      "href": "",
      "target": "_self",
      "child": [

        {
          "title": "专业管理",
          "href": "page/department/findmajor.jsp",
          "icon": "fa fa-mortar-board",
          "target": "_self"
        }
      ]
    },
    {
      "title": "班级管理",
      "icon": "fa fa-server",
      "href": "",
      "target": "_self",
      "child": [

        {
          "title": "添加班级",
          "href": "page/class/addclass.jsp",
          "icon": "fa fa-plus-square-o",
          "target": "_self"
        },
        {
          "title": "查询班级",
          "href": "page/class/findclass.jsp",
          "icon": "fa fa-plus-square-o",
          "target": "_self"
        },
        {
          "title": "班级信息维护",
          "href": "page/class/classmesage.html",
          "icon": "fa fa-wrench",
          "target": "_self"
        }
      ]
    },
    {
      "title": "学生信息管理",
      "icon": "fa fa-user",
      "href": "",
      "target": "_self",
      "child": [

        {
          "title": "添加学生信息",
          "href": "page/student/addstudent.jsp",
          "icon": "fa fa-user-plus",
          "target": "_self"
        },
        {
          "title": "查看学生信息",
          "href": "page/student/findstudent.jsp",
          "icon": "fa fa-user-plus",
          "target": "_self"
        },
        {
          "title": "学生信息维护",
          "href": "page/student/studentweihu.html",
          "icon": "fa fa-wrench",
          "target": "_self"
        }
      ]
    },
    {
      "title": "合作企业管理",
      "icon": "fa fa-users",
      "href": "",
      "child": [

        {
          "title": "合作企业添加信息",
          "href": "page/company/addCompany.jsp",
          "icon": "fa fa-plus",
          "target": "_self"
        },
        {
          "title": "合作企业维护",
          "href": "page/company/findCompany.jsp",
          "icon": "fa fa-refresh",
          "target": "_self"
        },
        {
          "title": "查询招聘会",
          "href": "page/company/findJob.jsp",
          "icon": "fa fa-refresh",
          "target": "_self"
        },
        {
          "title": "专场招聘会",
          "href": "page/company/editCompany.jsp",
          "icon": "fa fa-suitcase",
          "target": "_self"
        }
      ]
    },
    {
      "title": "用户管理",
      "icon": "fa fa-male",
      "href": "",
      "target": "_self",
      "child": [

        {
          "title": "添加用户信息",
          "href": "page/student/addstudent.html",
          "icon": " fa fa-plus-square",
          "target": "_self"
        },
        {
          "title": "查询用户信息",
          "href": "page/student/studentweihu.html",
          "icon": "fa-file-o",
          "target": "_self"
        }
      ]
    }
  ]
}


