{
  "code": 0,
  "msg": "",
  "count": 1000,
  "data": [
    {
      "id": 1,
      "cname": "华为",
      "city": "北京",

      "people": "王意义",
      "speople": "王一博",
      "time": "2017-09-08",
      "place": "北京海蓝酒店"

    },
    {
      "id": 2,
      "cname": "小米",
      "city": "北京",
      "people": "李希家",
      "speople": "纪梵希",
      "time": "2017-09-08",
      "place": "北京奥秘来"

    },
    {
      "id": 3,
      "cname": "美团",
      "city": "北京",
      "people": "张璐璐",
      "speople": "李炯昆",
      "time": "2017-09-08",
      "place": "北京麦克雷"


    },
    {
      "id": 4,
      "cname": "饿了么",
      "city": "北京",
      "people": "孙科",
      "speople": "苏北",
      "time": "2017-09-08",
      "place": "北京娜姬"


    }, {
      "id": 5,
      "cname": "苏泊尔",
      "city": "杭州",
      "people": "王意",
      "speople": "王一肖",
      "time": "2017-09-08",
      "place": "浙江静兰"

    },
    {
      "id": 6,
      "cname": "华为",
      "city": "南京",
      "people": "孙国",
      "speople": "何丽娜",
      "time": "2017-09-08",
      "place": "南京书香"


    }
  ]
}