{
  "code": 0,
  "msg": "",
  "count": 1000,
  "data": [
    {
      "id": 1,
      "majorname": "网络工程",
      "createTime": "2017-09-01",
      "remark": "无"

    },
    {
      "id": 2,
      "majorname": "软件工程",
      "createTime": "2012-09-01",
      "remark": "无"

    },
    {
      "id": 3,
      "majorname": "数字媒体",
      "createTime": "2013-09-01",
      "remark": "无"

    },
    {
      "id": 4,
      "majorname": "物联网工程",
      "createTime": "2018-09-01",
      "remark": "无"

    }, {
      "id": 5,
      "majorname": "人工智能工程",
      "createTime": "2014-09-01",
      "remark": "无"

    },
    {
      "id": 6,
      "majorname": "网络工程",
      "createTime": "2017-09-01",
      "remark": "无"

    }
  ]
}