{
  "code": 0,
  "msg": "",
  "count": 1000,
  "data": [
    {
      "id": 1,
      "sno": "172056112",
      "name": "彰显",
      "sex": "男",
      "place": "湖南长沙",
      "qq": "199391884",
      "tel": "1558585882",
      "if": "no"



    },
    {
      "id": 2,
      "sno": "172056112",
      "name": "彰显",
      "sex": "男",
      "place": "湖南长沙",
      "qq": "199391884",
      "tel": "1558585882",
      "if": "no"

    },
    {
      "id": 3,
      "sno": "172056112",
      "name": "彰显",
      "sex": "男",
      "place": "湖南长沙",
      "qq": "199391884",
      "tel": "1558585882",
      "if": "no"


    },
    {
      "id": 4,
      "sno": "172056112",
      "name": "彰显",
      "sex": "男",
      "place": "湖南长沙",
      "qq": "199391884",
      "tel": "1558585882",
      "if": "no"


    }, {
      "id": 5,
      "sno": "172056112",
      "name": "彰显",
      "sex": "男",
      "place": "湖南长沙",
      "qq": "199391884",
      "tel": "1558585882",
      "if": "no"


    },
    {
      "id": 6,
      "sno": "172056112",
      "name": "彰显",
      "sex": "男",
      "place": "湖南长沙",
      "qq": "199391884",
      "tel": "1558585882",
      "if": "no"


    }
  ]
}