{
  "code": 0,
  "msg": "",
  "count": 1000,
  "data": [
    {
      "id": 1,
      "sno": "172056112",
      "name": "彰显",
      "sex": "男",
      "time": "2001-09-07",
      "place": "湖南长沙",
      "qq": "199391884",
      "tel": "1558585882",
      "if": "no"



    },
    {
      "id": 2,
      "sno": "172056139",
      "name": "孙俪",
      "sex": "女",
      "place": "北京",
      "time": "1988-09-07",
      "qq": "190088468",
      "tel": "155578797",
      "if": "yes"

    },
    {
      "id": 3,
      "sno": "172039424",
      "name": "尹丽",
      "sex": "女",
      "place": "陕西咸阳",
      "time": "2004-09-07",
      "qq": "5757857325",
      "tel": "1499483304",
      "if": "no"


    },
    {
      "id": 4,
      "sno": "16738930",
      "name": "弗兰克",
      "sex": "男",
      "place": "浙江杭州",
      "time": "2001-10-07",
      "qq": "689686883",
      "tel": "13397575379",
      "if": "yes"


    }, {
      "id": 5,
      "sno": "172077948",
      "name": "梅珍",
      "sex": "女",
      "place": "天津",
      "time": "2009-09-07",
      "qq": "86699391884",
      "tel": "16890095882",
      "if": "no"


    },
    {
      "id": 6,
      "sno": "167839835",
      "name": "荆雾",
      "sex": "男",
      "place": "山西太原",
      "time": "2005-09-07",
      "qq": "569939178",
      "tel": "1455565882",
      "if": "no"


    }
  ]
}