{
  "code": 0,
  "msg": "",
  "count": 1000,
  "data": [
    {
      "cname": "北京克兰",
      "jname": "北京克兰招聘",
      "zpeople": "彰显",
      "ftel": "13454345467",
      "speople": "王三",
      "speopletel": "19939188434",
      "maincity": "北京",
      "mainjob": "销售",
      "mnum": "50",
      "snum": "30",
      "zplace": "文体室一楼",
      "date1": "2020-09-8"



    },
    {
      "cname": "北京克兰",
      "jname": "北京克兰招聘",
      "zpeople": "彰显",
      "ftel": "13454345467",
      "speople": "王三",
      "speopletel": "19939188434",
      "maincity": "北京",
      "mainjob": "销售",
      "mnum": "50",
      "snum": "30",
      "zplace": "文体室一楼",
      "date1": "2020-09-8"

    },
    {
      "cname": "北京克兰",
      "jname": "北京克兰招聘",
      "zpeople": "彰显",
      "ftel": "13454345467",
      "speople": "王三",
      "speopletel": "19939188434",
      "maincity": "北京",
      "mainjob": "销售",
      "mnum": "50",
      "snum": "30",
      "zplace": "文体室一楼",
      "date1": "2020-09-8"


    },
    {
      "cname": "北京克兰",
      "jname": "北京克兰招聘",
      "zpeople": "彰显",
      "ftel": "13454345467",
      "speople": "王三",
      "speopletel": "19939188434",
      "maincity": "北京",
      "mainjob": "销售",
      "mnum": "50",
      "snum": "30",
      "zplace": "文体室一楼",
      "date1": "2020-09-8"

    }, {
      "cname": "北京克兰",
      "jname": "北京克兰招聘",
      "zpeople": "彰显",
      "ftel": "13454345467",
      "speople": "王三",
      "speopletel": "19939188434",
      "maincity": "北京",
      "mainjob": "销售",
      "mnum": "50",
      "snum": "30",
      "zplace": "文体室一楼",
      "date1": "2020-09-8"

    },
    {
      "cname": "北京克兰",
      "jname": "北京克兰招聘",
      "zpeople": "彰显",
      "ftel": "13454345467",
      "speople": "王三",
      "speopletel": "19939188434",
      "maincity": "北京",
      "mainjob": "销售",
      "mnum": "50",
      "snum": "30",
      "zplace": "文体室一楼",
      "date1": "2020-09-8"


    }
  ]
}